date,ticker,net_gex_m,gamma_flip,call_wall,put_wall,atm_iv,spot
2026-09-28,AAPL,42.51,340.0,340.0,337.5,0.2117,338.31
2026-09-29,AAPL,-38.17,,340.0,330.0,0.2295,330.15
2026-09-30,AAPL,131.38,330.0,335.0,332.5,0.2297,333.0
2026-10-01,AAPL,-37.9,,335.0,330.0,0.2294,330.26
2026-10-02,AAPL,91.09,327.5,335.0,332.5,0.2091,333.46
2026-10-05,AAPL,23.59,337.5,340.0,332.5,0.2086,332.91
2026-10-06,AAPL,68.15,332.5,335.0,330.0,0.2181,333.5
2026-10-07,AAPL,181.35,332.5,337.5,330.0,0.217,336.43
2026-10-08,AAPL,160.31,335.0,345.0,335.0,0.2285,340.29
2026-10-09,AAPL,16.56,337.5,337.5,335.0,0.2216,336.0
2026-09-28,AMD,-11.08,,610.0,607.5,0.4713,609.34
2026-09-29,AMD,0.14,702.5,620.0,600.0,0.5044,608.16
2026-09-30,AMD,7.87,640.0,620.0,610.0,0.4779,611.06
2026-10-01,AMD,11.03,635.0,620.0,600.0,0.4782,616.25
2026-10-02,AMD,65.95,625.0,635.0,632.5,0.4151,633.0
2026-10-05,AMD,32.04,625.0,632.5,630.0,0.3861,631.95
2026-10-06,AMD,39.62,632.5,655.0,630.0,0.4133,651.75
2026-10-07,AMD,26.38,637.5,655.0,645.0,0.4445,645.36
2026-10-08,AMD,-5.28,,640.0,607.5,0.4778,621.79
2026-10-09,AMD,-79.3,,610.0,607.5,0.4232,607.5
2026-09-28,GOOG,4.5,382.5,350.0,330.0,0.3105,338.93
2026-09-29,GOOG,-4.33,,350.0,330.0,0.2908,338.25
2026-09-30,GOOG,17.66,362.5,350.0,340.0,0.313,345.9
2026-10-01,GOOG,-19.93,,340.0,330.0,0.2883,335.65
2026-10-02,GOOG,65.04,337.5,340.0,330.0,0.2575,339.9
2026-10-05,GOOG,20.43,357.5,350.0,340.0,0.2828,343.48
2026-10-06,GOOG,32.93,355.0,350.0,340.0,0.2868,344.68
2026-10-07,GOOG,49.91,352.5,350.0,340.0,0.3013,346.66
2026-10-08,GOOG,42.57,347.5,350.0,340.0,0.2994,345.21
2026-10-09,GOOG,66.47,345.0,350.0,347.5,0.2742,348.27
2026-09-28,META,-44.81,,750.0,715.0,0.3896,715.79
2026-09-29,META,30.89,742.5,750.0,740.0,0.3984,740.0
2026-09-30,META,19.84,737.5,730.0,725.0,0.3901,726.21
2026-10-01,META,19.27,737.5,740.0,720.0,0.3696,724.56
2026-10-02,META,19.52,727.5,730.0,725.0,0.3234,727.35
2026-10-05,META,67.91,732.5,742.5,740.0,0.3133,741.84
2026-10-06,META,30.69,742.5,750.0,730.0,0.3155,739.9
2026-10-07,META,-11.28,,722.5,720.0,0.3347,721.67
2026-10-08,META,8.08,740.0,725.0,720.0,0.3432,720.67
2026-10-09,META,-1.91,550.0,720.0,717.5,0.3197,717.51
2026-09-28,MU,1.9,1045.0,1055.0,1050.0,0.7623,1052.58
2026-09-29,MU,15.42,1077.5,1100.0,1000.0,0.7607,1071.5
2026-09-30,MU,17.64,1095.0,1100.0,1000.0,0.7901,1080.16
2026-10-01,MU,58.14,1067.5,1100.0,1070.0,0.53,1091.2
2026-10-02,MU,54.12,1067.5,1075.0,1070.0,0.4422,1072.5
2026-10-05,MU,-13.3,,1065.0,1060.0,0.3973,1062.72
2026-10-06,MU,0.1,1250.0,1100.0,1000.0,0.4248,1045.3
2026-10-07,MU,69.72,1072.5,1090.0,1085.0,0.4445,1086.05
2026-10-08,MU,-5.57,,1050.0,1000.0,0.4762,1037.22
2026-10-09,MU,-45.83,805.0,1030.0,1025.0,0.4193,1028.31
2026-09-28,NVDA,365.88,225.0,230.0,225.0,0.2979,228.62
2026-09-29,NVDA,231.21,225.0,232.5,225.0,0.2989,228.06
2026-09-30,NVDA,324.94,225.0,230.0,227.5,0.2995,229.13
2026-10-01,NVDA,351.1,225.0,232.5,230.0,0.2934,231.2
2026-10-02,NVDA,437.35,135.0,235.0,230.0,0.2591,233.92
2026-10-05,NVDA,309.65,235.0,240.0,230.0,0.2531,239.51
2026-10-06,NVDA,285.26,237.5,240.0,235.0,0.2593,239.6
2026-10-07,NVDA,49.49,242.5,240.0,237.5,0.2737,237.54
2026-10-08,NVDA,-77.36,,235.0,230.0,0.3166,230.94
2026-10-09,NVDA,-141.6,,230.0,227.5,0.2881,229.45
